id,city,hotel_name,note,description,lien,latitude,longitude
1,Mont Saint Michel,La Villa du Manoir,10.0,"Situé à Beauvoir, l’hébergement La Villa du Manoir met à votre disposition une connexion Wi-Fi gratuite et offre une vue sur le jardin.",https://www.booking.com/hotel/fr/la-villa-du-manoir.fr.html?aid=304142&label=gen173nr-10CAQoggJCGHNlYXJjaF9tb250IHNhaW50IG1pY2hlbEgNWARoTYgBAZgBM7gBF8gBDNgBA-gBAfgBAYgCAagCAbgC_Jbh0AbAAgHSAiRjYWU2MGNmOC1kODg2LTRkOTYtOTc2Ni1hNGFjMWMwZDIxODbYAgHgAgE&ucfs=1&arphpl=1&group_adults=2&req_adults=2&no_rooms=1&group_children=0&req_children=0&hpos=19&hapos=69&sr_order=popularity&srpvid=9aec62fe89d7028f&srepoch=1779977090&from=searchresults,48.6359541,-1.51146
2,Mont Saint Michel,Les mouettes,9.9,Hébergement géré par un particulier,https://www.booking.com/hotel/fr/les-mouettes-huisnes-sur-mer.fr.html?aid=304142&label=gen173nr-10CAQoggJCGHNlYXJjaF9tb250IHNhaW50IG1pY2hlbEgNWARoTYgBAZgBM7gBF8gBDNgBA-gBAfgBAYgCAagCAbgC_Jbh0AbAAgHSAiRjYWU2MGNmOC1kODg2LTRkOTYtOTc2Ni1hNGFjMWMwZDIxODbYAgHgAgE&ucfs=1&arphpl=1&group_adults=2&req_adults=2&no_rooms=1&group_children=0&req_children=0&hpos=24&hapos=49&sr_order=popularity&srpvid=9aec62fe89d7028f&srepoch=1779977088&from=searchresults,48.6354219,-1.510084
3,Mont Saint Michel,le coin des hirondelles,9.8,Hébergement géré par un particulier,https://www.booking.com/hotel/fr/le-coin-des-hirondelles.fr.html?aid=304142&label=gen173nr-10CAQoggJCGHNlYXJjaF9tb250IHNhaW50IG1pY2hlbEgNWARoTYgBAZgBM7gBF8gBDNgBA-gBAfgBAYgCAagCAbgC_Jbh0AbAAgHSAiRjYWU2MGNmOC1kODg2LTRkOTYtOTc2Ni1hNGFjMWMwZDIxODbYAgHgAgE&ucfs=1&arphpl=1&group_adults=2&req_adults=2&no_rooms=1&group_children=0&req_children=0&hpos=15&hapos=65&sr_order=popularity&srpvid=9aec62fe89d7028f&srepoch=1779977090&from=searchresults,48.6359541,-1.51146
4,St Malo,Appartement de charme,9.8,Hébergement géré par un particulier,https://www.booking.com/hotel/fr/appartement-de-charme-saint-malo1.fr.html?aid=304142&label=gen173nr-10CAQoggJCDnNlYXJjaF9zdCBtYWxvSA1YBGhNiAEBmAEzuAEXyAEM2AED6AEB-AEBiAIBqAIBuAKRl-HQBsACAdICJDc2MTEzOTllLWU0NWItNDBlYy04YzkzLTUzMTQ3YjU3ZjlkYtgCAeACAQ&ucfs=1&arphpl=1&group_adults=2&req_adults=2&no_rooms=1&group_children=0&req_children=0&hpos=1&hapos=51&sr_order=popularity&srpvid=ecee6308bd3f0134&srepoch=1779977111&from=searchresults,48.649518,-2.0260409
5,St Malo,Superbe Apt Saint-Malo With View,9.8,Hébergement géré par un particulier,https://www.booking.com/hotel/fr/superbe-apt-saint-malo-with-view.fr.html?aid=304142&label=gen173nr-10CAQoggJCDnNlYXJjaF9zdCBtYWxvSA1YBGhNiAEBmAEzuAEXyAEM2AED6AEB-AEBiAIBqAIBuAKRl-HQBsACAdICJDc2MTEzOTllLWU0NWItNDBlYy04YzkzLTUzMTQ3YjU3ZjlkYtgCAeACAQ&ucfs=1&arphpl=1&group_adults=2&req_adults=2&no_rooms=1&group_children=0&req_children=0&hpos=12&hapos=62&sr_order=popularity&srpvid=ecee6308bd3f0134&srepoch=1779977111&from=searchresults,48.649518,-2.0260409
6,St Malo,Le Pilo,9.8,"Offrant une vue sur la ville et doté d’une connexion Wi-Fi gratuite, l’hébergement Le Pilo se situe au cœur de Saint-Malo, à respectivement 300 mètres et 400 mètres de ces lieux d’intérêt : Plage de...",https://www.booking.com/hotel/fr/le-pilori.fr.html?aid=304142&label=gen173nr-10CAQoggJCDnNlYXJjaF9zdCBtYWxvSA1YBGhNiAEBmAEzuAEXyAEM2AED6AEB-AEBiAIBqAIBuAKRl-HQBsACAdICJDc2MTEzOTllLWU0NWItNDBlYy04YzkzLTUzMTQ3YjU3ZjlkYtgCAeACAQ&ucfs=1&arphpl=1&group_adults=2&req_adults=2&no_rooms=1&group_children=0&req_children=0&hpos=14&hapos=39&sr_order=popularity&srpvid=ecee6308bd3f0134&srepoch=1779977109&from=searchresults,48.649518,-2.0260409
7,Bayeux,Le Chat Qui Veille,10.0,"L’hébergement Le Chat Qui Veille vous accueille à Bayeux, à seulement 1,1 km de ce lieu d’intérêt : Cathédrale Notre-Dame de Bayeux.",https://www.booking.com/hotel/fr/gite-6-47-9-personnes-bayeux.fr.html?aid=304142&label=gen173nr-10CAQoggJCDXNlYXJjaF9iYXlldXhIDVgEaE2IAQGYATO4ARfIAQzYAQPoAQH4AQGIAgGoAgG4AqeX4dAGwAIB0gIkYzcyNjFkYmUtMDJmZi00MWFiLTg4NmUtNmZjZTgyY2Q4OTIx2AIB4AIB&ucfs=1&arphpl=1&group_adults=2&req_adults=2&no_rooms=1&group_children=0&req_children=0&hpos=23&hapos=73&sr_order=popularity&srpvid=884d63139cee0859&srepoch=1779977133&from=searchresults,49.2764624,-0.7024738
8,Bayeux,Historic 18th-Century Mansion - 3 BR - Bayeux - Garden & Museums Nearby,9.9,Hébergement géré par un particulier,https://www.booking.com/hotel/fr/bayeux-normandy-private-mansion-in-the-city.fr.html?aid=304142&label=gen173nr-10CAQoggJCDXNlYXJjaF9iYXlldXhIDVgEaE2IAQGYATO4ARfIAQzYAQPoAQH4AQGIAgGoAgG4AqeX4dAGwAIB0gIkYzcyNjFkYmUtMDJmZi00MWFiLTg4NmUtNmZjZTgyY2Q4OTIx2AIB4AIB&ucfs=1&arphpl=1&group_adults=2&req_adults=2&no_rooms=1&group_children=0&req_children=0&hpos=20&hapos=20&sr_order=popularity&srpvid=884d63139cee0859&srepoch=1779977133&from=searchresults,49.2764624,-0.7024738
9,Bayeux,"Hôtel particulier ""le clos de la croix""",9.8,"Situé à Bayeux, l’établissement Hôtel particulier ""le clos de la croix"" possède une connexion Wi-Fi gratuite, un jardin, un salon commun et une terrasse.",https://www.booking.com/hotel/fr/particulier-quot-le-clos-de-la-croix-quot.fr.html?aid=304142&label=gen173nr-10CAQoggJCDXNlYXJjaF9iYXlldXhIDVgEaE2IAQGYATO4ARfIAQzYAQPoAQH4AQGIAgGoAgG4AqeX4dAGwAIB0gIkYzcyNjFkYmUtMDJmZi00MWFiLTg4NmUtNmZjZTgyY2Q4OTIx2AIB4AIB&ucfs=1&arphpl=1&group_adults=2&req_adults=2&no_rooms=1&group_children=0&req_children=0&hpos=19&hapos=44&sr_order=popularity&srpvid=884d63139cee0859&srepoch=1779977131&from=searchresults,49.2764624,-0.7024738
10,Le Havre,Vivez au coeur Historique - St François - Grand appartement confortable,9.5,Hébergement géré par un particulier,https://www.booking.com/hotel/fr/nouveau-vivez-au-coeur-historique-st-francois-le-havre.fr.html?aid=304142&label=gen173nr-10CAQoggJCD3NlYXJjaF9sZSBoYXZyZUgNWARoTYgBAZgBM7gBF8gBDNgBA-gBAfgBAYgCAagCAbgCvZfh0AbAAgHSAiQ3N2YwMmYyOC0zMDhlLTQyY2EtODZlYy00Y2E4NDY1MjQxOWTYAgHgAgE&ucfs=1&arphpl=1&group_adults=2&req_adults=2&no_rooms=1&group_children=0&req_children=0&hpos=20&hapos=45&sr_order=popularity&srpvid=17e2631eff5e097e&srepoch=1779977153&from=searchresults,49.4938975,0.1079732
11,Le Havre,Appartement Perret - Hyper Centre,9.5,Hébergement géré par un particulier,https://www.booking.com/hotel/fr/appartement-perret-hyper-centre.fr.html?aid=304142&label=gen173nr-10CAQoggJCD3NlYXJjaF9sZSBoYXZyZUgNWARoTYgBAZgBM7gBF8gBDNgBA-gBAfgBAYgCAagCAbgCvZfh0AbAAgHSAiQ3N2YwMmYyOC0zMDhlLTQyY2EtODZlYy00Y2E4NDY1MjQxOWTYAgHgAgE&ucfs=1&arphpl=1&group_adults=2&req_adults=2&no_rooms=1&group_children=0&req_children=0&hpos=10&hapos=35&sr_order=popularity&srpvid=17e2631eff5e097e&srepoch=1779977153&from=searchresults,49.4938975,0.1079732
12,Le Havre,Le Bord de Mer - Vue Mer Terrasse & Parking,9.5,Hébergement géré par un particulier,https://www.booking.com/hotel/fr/le-bord-de-mer-terrasse-parking.fr.html?aid=304142&label=gen173nr-10CAQoggJCD3NlYXJjaF9sZSBoYXZyZUgNWARoTYgBAZgBM7gBF8gBDNgBA-gBAfgBAYgCAagCAbgCvZfh0AbAAgHSAiQ3N2YwMmYyOC0zMDhlLTQyY2EtODZlYy00Y2E4NDY1MjQxOWTYAgHgAgE&ucfs=1&arphpl=1&group_adults=2&req_adults=2&no_rooms=1&group_children=0&req_children=0&hpos=13&hapos=38&sr_order=popularity&srpvid=17e2631eff5e097e&srepoch=1779977153&from=searchresults,49.4938975,0.1079732
13,Rouen,Rouen centre avec Sauna - Jacuzzi - Parking - 5 étoiles,9.4,Hébergement géré par un particulier,https://www.booking.com/hotel/fr/rouen-centre-avec-sauna-hotspot-4g.fr.html?aid=304142&label=gen173nr-10CAQoggJCDHNlYXJjaF9yb3VlbkgNWARoTYgBAZgBM7gBF8gBDNgBA-gBAfgBAYgCAagCAbgC7pfh0AbAAgHSAiQ2YTVhMjYwZC03ODhlLTQ5YmYtOWM3Ny05ODAzMGE5YzZkOWHYAgHgAgE&ucfs=1&arphpl=1&group_adults=2&req_adults=2&no_rooms=1&group_children=0&req_children=0&hpos=9&hapos=34&sr_order=popularity&srpvid=9121633723e50822&srepoch=1779977203&from=searchresults,49.4404591,1.0939658
14,Rouen,Le 4B - Le Tiki,9.4,Hébergement géré par un particulier,https://www.booking.com/hotel/fr/le-4b-mathilde.fr.html?aid=304142&label=gen173nr-10CAQoggJCDHNlYXJjaF9yb3VlbkgNWARoTYgBAZgBM7gBF8gBDNgBA-gBAfgBAYgCAagCAbgC7pfh0AbAAgHSAiQ2YTVhMjYwZC03ODhlLTQ5YmYtOWM3Ny05ODAzMGE5YzZkOWHYAgHgAgE&ucfs=1&arphpl=1&group_adults=2&req_adults=2&no_rooms=1&group_children=0&req_children=0&hpos=18&hapos=43&sr_order=popularity&srpvid=9121633723e50822&srepoch=1779977203&from=searchresults,49.4404591,1.0939658
15,Rouen,La Souche,9.4,Hébergement géré par un particulier,https://www.booking.com/hotel/fr/la-souche-rouen.fr.html?aid=304142&label=gen173nr-10CAQoggJCDHNlYXJjaF9yb3VlbkgNWARoTYgBAZgBM7gBF8gBDNgBA-gBAfgBAYgCAagCAbgC7pfh0AbAAgHSAiQ2YTVhMjYwZC03ODhlLTQ5YmYtOWM3Ny05ODAzMGE5YzZkOWHYAgHgAgE&ucfs=1&arphpl=1&group_adults=2&req_adults=2&no_rooms=1&group_children=0&req_children=0&hpos=15&hapos=65&sr_order=popularity&srpvid=9121633723e50822&srepoch=1779977205&from=searchresults,49.4404591,1.0939658
16,Paris,Prestigious 3BR - Sleeps 7 - Arc de Triomphe,9.7,Hébergement géré par un particulier,https://www.booking.com/hotel/fr/victor-hugo-paris5.fr.html?aid=304142&label=gen173nr-10CAQoggJCDHNlYXJjaF9wYXJpc0gNWARoTYgBAZgBM7gBF8gBDNgBA-gBAfgBAYgCAagCAbgCqZjh0AbAAgHSAiQ4ZTJmMmZlYi04NDk4LTRmMzAtYmIyNy00ZjBmYzZjMWM2MWbYAgHgAgE&ucfs=1&arphpl=1&group_adults=2&req_adults=2&no_rooms=1&group_children=0&req_children=0&hpos=25&hapos=25&sr_order=popularity&srpvid=1c7f6354427a04cc&srepoch=1779977263&from=searchresults,48.8588897,2.320041
17,Paris,Vestay Montaigne,9.4,"L’établissement Vestay Montaigne possède une connexion Wi-Fi gratuite. Il vous accueille dans le centre de Paris, à 1,1 km de ce lieu d’intérêt : Arc de Triomphe.",https://www.booking.com/hotel/fr/vestay-montaigne.fr.html?aid=304142&label=gen173nr-10CAQoggJCDHNlYXJjaF9wYXJpc0gNWARoTYgBAZgBM7gBF8gBDNgBA-gBAfgBAYgCAagCAbgCqZjh0AbAAgHSAiQ4ZTJmMmZlYi04NDk4LTRmMzAtYmIyNy00ZjBmYzZjMWM2MWbYAgHgAgE&ucfs=1&arphpl=1&group_adults=2&req_adults=2&no_rooms=1&group_children=0&req_children=0&hpos=18&hapos=68&sr_order=popularity&srpvid=1c7f6354427a04cc&srepoch=1779977263&from=searchresults,48.8588897,2.320041
18,Paris,Top Floor Parisian Gem Views & Balcony,9.3,"L’hébergement Top Floor Parisian Gem Views & Balcony vous accueille dans le quartier 17e arr. À Paris, à proximité de ce lieu d’intérêt : Arc de Triomphe.",https://www.booking.com/hotel/fr/top-floor-parisian-gem-views-balcony.fr.html?aid=304142&label=gen173nr-10CAQoggJCDHNlYXJjaF9wYXJpc0gNWARoTYgBAZgBM7gBF8gBDNgBA-gBAfgBAYgCAagCAbgCqZjh0AbAAgHSAiQ4ZTJmMmZlYi04NDk4LTRmMzAtYmIyNy00ZjBmYzZjMWM2MWbYAgHgAgE&ucfs=1&arphpl=1&group_adults=2&req_adults=2&no_rooms=1&group_children=0&req_children=0&hpos=23&hapos=23&sr_order=popularity&srpvid=1c7f6354427a04cc&srepoch=1779977263&from=searchresults,48.8534951,2.3483915
19,Amiens,Côté Cathédrale,9.8,Hébergement géré par un particulier,https://www.booking.com/hotel/fr/cote-cathedrale-amiens.fr.html?aid=304142&label=gen173nr-10CAQoggJCDXNlYXJjaF9hbWllbnNIDVgEaE2IAQGYATO4ARfIAQzYAQPoAQH4AQGIAgGoAgG4At2Y4dAGwAIB0gIkYWE3NGQzNjYtNWRlYi00YjY4LWIwZjQtM2JhZjBhMWE4NTY22AIB4AIB&ucfs=1&arphpl=1&group_adults=2&req_adults=2&no_rooms=1&group_children=0&req_children=0&hpos=8&hapos=58&sr_order=popularity&srpvid=ae3d636ed8f6020b&srepoch=1779977316&from=searchresults,49.8941708,2.2956951
20,Amiens,Maison Longuevie,9.5,"Situé à Amiens, l’établissement Maison Longuevie propose un jardin et une terrasse, ainsi que des hébergements avec une connexion Wi-Fi gratuite et une télévision à écran plat.",https://www.booking.com/hotel/fr/longuevie.fr.html?aid=304142&label=gen173nr-10CAQoggJCDXNlYXJjaF9hbWllbnNIDVgEaE2IAQGYATO4ARfIAQzYAQPoAQH4AQGIAgGoAgG4At2Y4dAGwAIB0gIkYWE3NGQzNjYtNWRlYi00YjY4LWIwZjQtM2JhZjBhMWE4NTY22AIB4AIB&ucfs=1&arphpl=1&group_adults=2&req_adults=2&no_rooms=1&group_children=0&req_children=0&hpos=11&hapos=11&sr_order=popularity&srpvid=ae3d636ed8f6020b&srepoch=1779977316&from=searchresults,49.8941708,2.2956951
21,Amiens,Cabane bleue des Hortillonnages,9.5,Hébergement géré par un particulier,https://www.booking.com/hotel/fr/cabane-bleue-des-hortillonnages.fr.html?aid=304142&label=gen173nr-10CAQoggJCDXNlYXJjaF9hbWllbnNIDVgEaE2IAQGYATO4ARfIAQzYAQPoAQH4AQGIAgGoAgG4At2Y4dAGwAIB0gIkYWE3NGQzNjYtNWRlYi00YjY4LWIwZjQtM2JhZjBhMWE4NTY22AIB4AIB&ucfs=1&arphpl=1&group_adults=2&req_adults=2&no_rooms=1&group_children=0&req_children=0&hpos=6&hapos=56&sr_order=popularity&srpvid=ae3d636ed8f6020b&srepoch=1779977316&from=searchresults,49.8941708,2.2956951
22,Lille,galerie jacqueline storme,9.5,"L’établissement galerie jacqueline storme est idéalement situé dans le quartier Vieux-Lille de Lille, à respectivement 1,8 km, 1,1 km et 1,6 km de ces lieux d’intérêt : Zoo de Lille, Grand’Place de...",https://www.booking.com/hotel/fr/galerie-jacqueline-storme.fr.html?aid=304142&label=gen173nr-10CAQoggJCDHNlYXJjaF9saWxsZUgNWARoTYgBAZgBM7gBF8gBDNgBA-gBAfgBAYgCAagCAbgCm5nh0AbAAgHSAiRkNzg3NzFiYS0yNGMzLTRjZjYtOWYxNS1kYTZkZjQ5YTA0MGXYAgHgAgE&ucfs=1&arphpl=1&group_adults=2&req_adults=2&no_rooms=1&group_children=0&req_children=0&hpos=24&hapos=49&sr_order=popularity&srpvid=6dfc638d52d308b1&srepoch=1779977375&from=searchresults,50.6365654,3.0635282
23,Lille,"Lille Avenue, Lille Centre, convivialité, confort",9.4,"L’hébergement Lille Avenue, Lille Centre, convivialité, confort bénéficie d’un emplacement stratégique dans le centre de Lille. Il dispose d’un patio.",https://www.booking.com/hotel/fr/lille-avenue.fr.html?aid=304142&label=gen173nr-10CAQoggJCDHNlYXJjaF9saWxsZUgNWARoTYgBAZgBM7gBF8gBDNgBA-gBAfgBAYgCAagCAbgCm5nh0AbAAgHSAiRkNzg3NzFiYS0yNGMzLTRjZjYtOWYxNS1kYTZkZjQ5YTA0MGXYAgHgAgE&ucfs=1&arphpl=1&group_adults=2&req_adults=2&no_rooms=1&group_children=0&req_children=0&hpos=21&hapos=21&sr_order=popularity&srpvid=6dfc638d52d308b1&srepoch=1779977377&from=searchresults,50.6365654,3.0635282
24,Lille,Au Cœur De Lille,9.4,"L’établissement Au Cœur De Lille se situe dans le centre de Lille, à proximité de ces lieux d’intérêt : Printemps, Zoo de Lille et Quartier du Vieux Lille.",https://www.booking.com/hotel/fr/au-coeur-de-lille.fr.html?aid=304142&label=gen173nr-10CAQoggJCDHNlYXJjaF9saWxsZUgNWARoTYgBAZgBM7gBF8gBDNgBA-gBAfgBAYgCAagCAbgCm5nh0AbAAgHSAiRkNzg3NzFiYS0yNGMzLTRjZjYtOWYxNS1kYTZkZjQ5YTA0MGXYAgHgAgE&ucfs=1&arphpl=1&group_adults=2&req_adults=2&no_rooms=1&group_children=0&req_children=0&hpos=5&hapos=55&sr_order=popularity&srpvid=6dfc638d52d308b1&srepoch=1779977377&from=searchresults,50.6267761,3.0495145
25,Strasbourg,Le Carré d'or - Appartement avec vue Cathédrale,9.9,Hébergement géré par un particulier,https://www.booking.com/hotel/fr/golden-square-strasbourg.fr.html?aid=304142&label=gen173nr-10CAQoggJCEXNlYXJjaF9zdHJhc2JvdXJnSA1YBGhNiAEBmAEzuAEXyAEM2AED6AEB-AEBiAIBqAIBuAK4meHQBsACAdICJGQyMDdhOWMwLTk1YzAtNGY1MC04NGMxLWEyYTM4MjM5NzNmZdgCAeACAQ&ucfs=1&arphpl=1&group_adults=2&req_adults=2&no_rooms=1&group_children=0&req_children=0&hpos=22&hapos=72&sr_order=popularity&srpvid=d78b639cf3b00626&srepoch=1779977407&from=searchresults,48.584614,7.7507127
26,Strasbourg,Grand T3 lumineux et climatisé,9.6,Hébergement géré par un particulier,https://www.booking.com/hotel/fr/appartement-climatise-3-p-proche-centre-ville.fr.html?aid=304142&label=gen173nr-10CAQoggJCEXNlYXJjaF9zdHJhc2JvdXJnSA1YBGhNiAEBmAEzuAEXyAEM2AED6AEB-AEBiAIBqAIBuAK4meHQBsACAdICJGQyMDdhOWMwLTk1YzAtNGY1MC04NGMxLWEyYTM4MjM5NzNmZdgCAeACAQ&ucfs=1&arphpl=1&group_adults=2&req_adults=2&no_rooms=1&group_children=0&req_children=0&hpos=15&hapos=65&sr_order=popularity&srpvid=d78b639cf3b00626&srepoch=1779977407&from=searchresults,48.584614,7.7507127
27,Strasbourg,Appart Épine Strasbourg,9.6,Hébergement géré par un particulier,https://www.booking.com/hotel/fr/appart-epine-strasbourg.fr.html?aid=304142&label=gen173nr-10CAQoggJCEXNlYXJjaF9zdHJhc2JvdXJnSA1YBGhNiAEBmAEzuAEXyAEM2AED6AEB-AEBiAIBqAIBuAK4meHQBsACAdICJGQyMDdhOWMwLTk1YzAtNGY1MC04NGMxLWEyYTM4MjM5NzNmZdgCAeACAQ&ucfs=1&arphpl=1&group_adults=2&req_adults=2&no_rooms=1&group_children=0&req_children=0&hpos=25&hapos=75&sr_order=popularity&srpvid=d78b639cf3b00626&srepoch=1779977407&from=searchresults,48.584614,7.7507127
28,Chateau du Haut Koenigsbourg,Gîte FLEUR DE VIGNES,10.0,Hébergement géré par un particulier,https://www.booking.com/hotel/fr/gite-fleur-de-vignes-itterswiller.fr.html?aid=304142&label=gen173nr-10CAQoggJCI3NlYXJjaF9jaGF0ZWF1IGR1IGhhdXQga29lbmlnc2JvdXJnSA1YBGhNiAEBmAEzuAEXyAEM2AED6AEB-AEBiAIBqAIBuALOmeHQBsACAdICJGVmYWNkNzM0LTc4MDctNDJmMi1hYjVjLTA1M2ZlYTkxMzg2OdgCAeACAQ&ucfs=1&arphpl=1&group_adults=2&req_adults=2&no_rooms=1&group_children=0&req_children=0&hpos=2&hapos=27&sr_order=popularity&srpvid=b3c963a7c9450225&srepoch=1779977426&from=searchresults,48.249382,7.3439412
29,Chateau du Haut Koenigsbourg,Gîte TIRE BOUCHON,10.0,Hébergement géré par un particulier,https://www.booking.com/hotel/fr/gite-tire-bouchon.fr.html?aid=304142&label=gen173nr-10CAQoggJCI3NlYXJjaF9jaGF0ZWF1IGR1IGhhdXQga29lbmlnc2JvdXJnSA1YBGhNiAEBmAEzuAEXyAEM2AED6AEB-AEBiAIBqAIBuALOmeHQBsACAdICJGVmYWNkNzM0LTc4MDctNDJmMi1hYjVjLTA1M2ZlYTkxMzg2OdgCAeACAQ&ucfs=1&arphpl=1&group_adults=2&req_adults=2&no_rooms=1&group_children=0&req_children=0&hpos=9&hapos=34&sr_order=popularity&srpvid=b3c963a7c9450225&srepoch=1779977426&from=searchresults,48.249382,7.3439412
30,Chateau du Haut Koenigsbourg,Spacieux duplex 1 à 6 personnes,9.8,Hébergement géré par un particulier,https://www.booking.com/hotel/fr/spacieux-duplex-1-a-6-personnes.fr.html?aid=304142&label=gen173nr-10CAQoggJCI3NlYXJjaF9jaGF0ZWF1IGR1IGhhdXQga29lbmlnc2JvdXJnSA1YBGhNiAEBmAEzuAEXyAEM2AED6AEB-AEBiAIBqAIBuALOmeHQBsACAdICJGVmYWNkNzM0LTc4MDctNDJmMi1hYjVjLTA1M2ZlYTkxMzg2OdgCAeACAQ&ucfs=1&arphpl=1&group_adults=2&req_adults=2&no_rooms=1&group_children=0&req_children=0&hpos=14&hapos=39&sr_order=popularity&srpvid=b3c963a7c9450225&srepoch=1779977426&from=searchresults,48.249382,7.3439412
31,Colmar,Place des Dominicains,9.9,Hébergement géré par un particulier,https://www.booking.com/hotel/fr/colmar-centre-historique-vieux-colmar.fr.html?aid=304142&label=gen173nr-10CAQoggJCDXNlYXJjaF9jb2xtYXJIDVgEaE2IAQGYATO4ARfIAQzYAQPoAQH4AQGIAgGoAgG4AuSZ4dAGwAIB0gIkZWI2MzQ1N2ItYTRkYS00ZTAwLTg3YTYtZGU5MDUxOTkxNjYz2AIB4AIB&ucfs=1&arphpl=1&group_adults=2&req_adults=2&no_rooms=1&group_children=0&req_children=0&hpos=21&hapos=71&sr_order=popularity&srpvid=2a2663b2da350123&srepoch=1779977450&from=searchresults,48.0782016,7.3569779
32,Colmar,Le Cathedral View Colmar - Centre Historique - Parking privé gratuit,9.7,Hébergement géré par un particulier,https://www.booking.com/hotel/fr/le-cathedral-view-au-centre-historique.fr.html?aid=304142&label=gen173nr-10CAQoggJCDXNlYXJjaF9jb2xtYXJIDVgEaE2IAQGYATO4ARfIAQzYAQPoAQH4AQGIAgGoAgG4AuSZ4dAGwAIB0gIkZWI2MzQ1N2ItYTRkYS00ZTAwLTg3YTYtZGU5MDUxOTkxNjYz2AIB4AIB&ucfs=1&arphpl=1&group_adults=2&req_adults=2&no_rooms=1&group_children=0&req_children=0&hpos=18&hapos=43&sr_order=popularity&srpvid=2a2663b2da350123&srepoch=1779977448&from=searchresults,48.0777517,7.3579641
33,Colmar,L'Écrin de Colmar - Hypercentre - Garage privé,9.7,Hébergement géré par un particulier,https://www.booking.com/hotel/fr/ecrin-de-colmar-hypercentre-garage-prive.fr.html?aid=304142&label=gen173nr-10CAQoggJCDXNlYXJjaF9jb2xtYXJIDVgEaE2IAQGYATO4ARfIAQzYAQPoAQH4AQGIAgGoAgG4AuSZ4dAGwAIB0gIkZWI2MzQ1N2ItYTRkYS00ZTAwLTg3YTYtZGU5MDUxOTkxNjYz2AIB4AIB&ucfs=1&arphpl=1&group_adults=2&req_adults=2&no_rooms=1&group_children=0&req_children=0&hpos=2&hapos=52&sr_order=popularity&srpvid=2a2663b2da350123&srepoch=1779977450&from=searchresults,48.0777517,7.3579641
34,Eguisheim,Nouveau La Terrasse des remparts à Eguisheim,10.0,"L’hébergement Nouveau La Terrasse des remparts à Eguisheim vous accueille à Eguisheim, à respectivement 5,8 km et 6,6 km de ces lieux d’intérêt : Gare de Colmar et Maison des Têtes.",https://www.booking.com/hotel/fr/nouveau-la-terrasse-des-remparts-a-eguisheim.fr.html?aid=304142&label=gen173nr-10CAQoggJCEHNlYXJjaF9lZ3Vpc2hlaW1IDVgEaE2IAQGYATO4ARfIAQzYAQPoAQH4AQGIAgGoAgG4Aoaa4dAGwAIB0gIkOTViZWIzZTYtZjNiZi00ODJjLWI5M2MtY2U3NDAwMmQ3OWJk2AIB4AIB&ucfs=1&arphpl=1&group_adults=2&req_adults=2&no_rooms=1&group_children=0&req_children=0&hpos=15&hapos=64&sr_order=popularity&srpvid=49e663c3224006b8&srepoch=1779977485&from=searchresults,48.0447968,7.3079618
35,Eguisheim,Appartement Obertor - A quelques minutes de Colmar,10.0,"L’hébergement Appartement Obertor - A quelques minutes de Colmar vous accueille à Eguisheim, à respectivement 5,6 km et 6,5 km de ces lieux d’intérêt : Gare de Colmar et Maison des Têtes.",https://www.booking.com/hotel/fr/appartement-obertor-a-quelques-minutes-de-colmar.fr.html?aid=304142&label=gen173nr-10CAQoggJCEHNlYXJjaF9lZ3Vpc2hlaW1IDVgEaE2IAQGYATO4ARfIAQzYAQPoAQH4AQGIAgGoAgG4Aoaa4dAGwAIB0gIkOTViZWIzZTYtZjNiZi00ODJjLWI5M2MtY2U3NDAwMmQ3OWJk2AIB4AIB&ucfs=1&arphpl=1&group_adults=2&req_adults=2&no_rooms=1&group_children=0&req_children=0&hpos=18&hapos=67&sr_order=popularity&srpvid=49e663c3224006b8&srepoch=1779977485&from=searchresults,48.0447968,7.3079618
36,Eguisheim,"Eguisheim, Vignoble & Châteaux",10.0,"L’hébergement Eguisheim, Vignoble & Châteaux vous accueille à Eguisheim, à respectivement 5,4 km, 6,3 km et 6,7 km de ces lieux d’intérêt : Gare de Colmar, Maison des Têtes et Collégiale Saint-Martin....",https://www.booking.com/hotel/fr/eguisheim-vignoble-amp-chateaux.fr.html?aid=304142&label=gen173nr-10CAQoggJCEHNlYXJjaF9lZ3Vpc2hlaW1IDVgEaE2IAQGYATO4ARfIAQzYAQPoAQH4AQGIAgGoAgG4Aoaa4dAGwAIB0gIkOTViZWIzZTYtZjNiZi00ODJjLWI5M2MtY2U3NDAwMmQ3OWJk2AIB4AIB&ucfs=1&arphpl=1&group_adults=2&req_adults=2&no_rooms=1&group_children=0&req_children=0&hpos=7&hapos=56&sr_order=popularity&srpvid=49e663c3224006b8&srepoch=1779977485&from=searchresults,48.0447968,7.3079618
37,Besancon,L'adresse à Besançon,9.9,Hébergement géré par un particulier,https://www.booking.com/hotel/fr/l-39-adresse-a-besancon.fr.html?aid=304142&label=gen173nr-10CAQoggJCD3NlYXJjaF9iZXNhbmNvbkgNWARoTYgBAZgBM7gBF8gBDNgBA-gBAfgBAYgCAagCAbgCnprh0AbAAgHSAiQzZTMyYjQyYS0yYTEzLTQ3MTUtOWE0MS1jNDY5YzBlMzA4NDnYAgHgAgE&ucfs=1&arphpl=1&group_adults=2&req_adults=2&no_rooms=1&group_children=0&req_children=0&hpos=24&hapos=24&sr_order=popularity&srpvid=af2c63cf4bba0f78&srepoch=1779977509&from=searchresults,47.2380222,6.0243622
38,Besancon,Lovely House,9.7,Hébergement géré par un particulier,https://www.booking.com/hotel/fr/charming-renovated-house-besancon.fr.html?aid=304142&label=gen173nr-10CAQoggJCD3NlYXJjaF9iZXNhbmNvbkgNWARoTYgBAZgBM7gBF8gBDNgBA-gBAfgBAYgCAagCAbgCnprh0AbAAgHSAiQzZTMyYjQyYS0yYTEzLTQ3MTUtOWE0MS1jNDY5YzBlMzA4NDnYAgHgAgE&ucfs=1&arphpl=1&group_adults=2&req_adults=2&no_rooms=1&group_children=0&req_children=0&hpos=19&hapos=19&sr_order=popularity&srpvid=af2c63cf4bba0f78&srepoch=1779977509&from=searchresults,47.2380222,6.0243622
39,Besancon,La Petite Sommière,9.6,"Proposant un jardin, un salon commun et une connexion Wi-Fi gratuite, l’établissement La Petite Sommière se situe à Besançon, à respectivement 1,6 km et 3,6 km de ces lieux d’intérêt : Gare de...",https://www.booking.com/hotel/fr/la-petite-sommiere.fr.html?aid=304142&label=gen173nr-10CAQoggJCD3NlYXJjaF9iZXNhbmNvbkgNWARoTYgBAZgBM7gBF8gBDNgBA-gBAfgBAYgCAagCAbgCnprh0AbAAgHSAiQzZTMyYjQyYS0yYTEzLTQ3MTUtOWE0MS1jNDY5YzBlMzA4NDnYAgHgAgE&ucfs=1&arphpl=1&group_adults=2&req_adults=2&no_rooms=1&group_children=0&req_children=0&hpos=18&hapos=43&sr_order=popularity&srpvid=af2c63cf4bba0f78&srepoch=1779977507&from=searchresults,47.2380222,6.0243622
40,Dijon,Le Carrousel Avec Parking Privé,9.6,Hébergement géré par un particulier,https://www.booking.com/hotel/fr/le-carrousel-avec-parking-prive.fr.html?aid=304142&label=gen173nr-10CAQoggJCDHNlYXJjaF9kaWpvbkgNWARoTYgBAZgBM7gBF8gBDNgBA-gBAfgBAYgCAagCAbgCtprh0AbAAgHSAiRlOGZlN2Y5ZC1lMjZlLTQ5MTItYTU2Yy1kYmE0MmQwODgyZTnYAgHgAgE&ucfs=1&arphpl=1&group_adults=2&req_adults=2&no_rooms=1&group_children=0&req_children=0&hpos=5&hapos=55&sr_order=popularity&srpvid=901263db50ec05d8&srepoch=1779977532&from=searchresults,47.3215806,5.0414701
41,Dijon,LE BOSTON - Hypercentre - 150 M 2- 7 Guest,9.6,Hébergement géré par un particulier,https://www.booking.com/hotel/fr/le-boston-hypercentre-150-m-2-7-guest.fr.html?aid=304142&label=gen173nr-10CAQoggJCDHNlYXJjaF9kaWpvbkgNWARoTYgBAZgBM7gBF8gBDNgBA-gBAfgBAYgCAagCAbgCtprh0AbAAgHSAiRlOGZlN2Y5ZC1lMjZlLTQ5MTItYTU2Yy1kYmE0MmQwODgyZTnYAgHgAgE&ucfs=1&arphpl=1&group_adults=2&req_adults=2&no_rooms=1&group_children=0&req_children=0&hpos=18&hapos=43&sr_order=popularity&srpvid=901263db50ec05d8&srepoch=1779977530&from=searchresults,47.3215806,5.0414701
42,Dijon,Suite Montrachet 4 personnes vue cathédrale 1 Place de parking,9.5,Hébergement géré par un particulier,https://www.booking.com/hotel/fr/residence-saint-philibert.fr.html?aid=304142&label=gen173nr-10CAQoggJCDHNlYXJjaF9kaWpvbkgNWARoTYgBAZgBM7gBF8gBDNgBA-gBAfgBAYgCAagCAbgCtprh0AbAAgHSAiRlOGZlN2Y5ZC1lMjZlLTQ5MTItYTU2Yy1kYmE0MmQwODgyZTnYAgHgAgE&ucfs=1&arphpl=1&group_adults=2&req_adults=2&no_rooms=1&group_children=0&req_children=0&hpos=7&hapos=32&sr_order=popularity&srpvid=901263db50ec05d8&srepoch=1779977530&from=searchresults,47.3215806,5.0414701
43,Annecy,Le Loft d'Annecy - Vision Luxe,10.0,"Situé à 100 mètres du Palais de l'Ile à Annecy, cet appartement climatisé se trouve dans une zone piétonne et dispose d'une connexion Wi-Fi gratuite et d'une terrasse.",https://www.booking.com/hotel/fr/le-loft-d-39-annecy.fr.html?aid=304142&label=gen173nr-10CAQoggJCDXNlYXJjaF9hbm5lY3lIDVgEaE2IAQGYATO4ARfIAQzYAQPoAQH4AQGIAgGoAgG4As6a4dAGwAIB0gIkYTc0NmQyYTctYWRhYy00NDQxLThmOTItMTRmMmUwYWU1MGVk2AIB4AIB&ucfs=1&arphpl=1&group_adults=2&req_adults=2&no_rooms=1&group_children=0&req_children=0&hpos=19&hapos=69&sr_order=popularity&srpvid=f07e63e7d294041c&srepoch=1779977557&from=searchresults,45.8992348,6.1288847
44,Annecy,"La petite Venise des Alpes, Ultra centre 1 à 5 Pers",9.6,Hébergement géré par un particulier,https://www.booking.com/hotel/fr/la-petite-venise-des-alpes-ultra-centre-2-a-6-pers.fr.html?aid=304142&label=gen173nr-10CAQoggJCDXNlYXJjaF9hbm5lY3lIDVgEaE2IAQGYATO4ARfIAQzYAQPoAQH4AQGIAgGoAgG4As6a4dAGwAIB0gIkYTc0NmQyYTctYWRhYy00NDQxLThmOTItMTRmMmUwYWU1MGVk2AIB4AIB&ucfs=1&arphpl=1&group_adults=2&req_adults=2&no_rooms=1&group_children=0&req_children=0&hpos=24&hapos=74&sr_order=popularity&srpvid=f07e63e7d294041c&srepoch=1779977557&from=searchresults,45.8992348,6.1288847
45,Annecy,La Terrasse du vieil Annecy,9.4,Hébergement géré par un particulier,https://www.booking.com/hotel/fr/la-terrasse-du-vieil-annecy.fr.html?aid=304142&label=gen173nr-10CAQoggJCDXNlYXJjaF9hbm5lY3lIDVgEaE2IAQGYATO4ARfIAQzYAQPoAQH4AQGIAgGoAgG4As6a4dAGwAIB0gIkYTc0NmQyYTctYWRhYy00NDQxLThmOTItMTRmMmUwYWU1MGVk2AIB4AIB&ucfs=1&arphpl=1&group_adults=2&req_adults=2&no_rooms=1&group_children=0&req_children=0&hpos=16&hapos=41&sr_order=popularity&srpvid=f07e63e7d294041c&srepoch=1779977555&from=searchresults,45.8992348,6.1288847
46,Grenoble,L'Âme Étoilée - Love Room avec Balnéo & Sauna,9.8,L’hébergement L'Âme Étoilée - Love Room avec Balnéo & Sauna se situe à Grenoble et possède une baignoire spa. Cet hébergement est installé à 1 km de : Gare de Grenoble.,https://www.booking.com/hotel/fr/ame-etoilee.fr.html?aid=304142&label=gen173nr-10CAQoggJCD3NlYXJjaF9ncmVub2JsZUgNWARoTYgBAZgBM7gBF8gBDNgBA-gBAfgBAYgCAagCAbgC5Zrh0AbAAgHSAiQ1YTBkNDI2NS0zNmE5LTRlNTktYTZiYy05ZWQ2NTQ5YzFjNWbYAgHgAgE&ucfs=1&arphpl=1&group_adults=2&req_adults=2&no_rooms=1&group_children=0&req_children=0&hpos=23&hapos=73&sr_order=popularity&srpvid=127e63f2740f0093&srepoch=1779977580&from=searchresults,45.1875602,5.7357819
47,Grenoble,Nid Douillet - BEL APPARTEMENT avec GARAGE,9.7,Hébergement géré par un particulier,https://www.booking.com/hotel/fr/nid-douillet-belle-appartement-avec-garage.fr.html?aid=304142&label=gen173nr-10CAQoggJCD3NlYXJjaF9ncmVub2JsZUgNWARoTYgBAZgBM7gBF8gBDNgBA-gBAfgBAYgCAagCAbgC5Zrh0AbAAgHSAiQ1YTBkNDI2NS0zNmE5LTRlNTktYTZiYy05ZWQ2NTQ5YzFjNWbYAgHgAgE&ucfs=1&arphpl=1&group_adults=2&req_adults=2&no_rooms=1&group_children=0&req_children=0&hpos=10&hapos=35&sr_order=popularity&srpvid=127e63f2740f0093&srepoch=1779977577&from=searchresults,45.1875602,5.7357819
48,Grenoble,"Le Bastille, 6 pers, 300 m gare, Climatisation",9.6,Hébergement géré par un particulier,https://www.booking.com/hotel/fr/le-bastille-6-pers-300-m-gare-climatisation.fr.html?aid=304142&label=gen173nr-10CAQoggJCD3NlYXJjaF9ncmVub2JsZUgNWARoTYgBAZgBM7gBF8gBDNgBA-gBAfgBAYgCAagCAbgC5Zrh0AbAAgHSAiQ1YTBkNDI2NS0zNmE5LTRlNTktYTZiYy05ZWQ2NTQ5YzFjNWbYAgHgAgE&ucfs=1&arphpl=1&group_adults=2&req_adults=2&no_rooms=1&group_children=0&req_children=0&hpos=14&hapos=14&sr_order=popularity&srpvid=127e63f2740f0093&srepoch=1779977580&from=searchresults,45.1875602,5.7357819
49,Lyon,Blossom Suite-Hyper centre Jacuzzi Balcon clim,9.7,Hébergement géré par un particulier,https://www.booking.com/hotel/fr/suite-l-ecrin-poudre.fr.html?aid=304142&label=gen173nr-10CAQoggJCC3NlYXJjaF9seW9uSA1YBGhNiAEBmAEzuAEXyAEM2AED6AEB-AEBiAIBqAIBuAKBm-HQBsACAdICJDQxMzk0YTQ4LWU3ZTUtNDNlZi1iYzVmLWNlMTdlMjlkMTE2M9gCAeACAQ&ucfs=1&arphpl=1&group_adults=2&req_adults=2&no_rooms=1&group_children=0&req_children=0&hpos=23&hapos=48&sr_order=popularity&srpvid=5cb76400aa4f035a&srepoch=1779977605&from=searchresults,45.7578137,4.8320114
50,Lyon,Lyon Premium - Aux Berges du Rhône,9.6,Hébergement géré par un particulier,https://www.booking.com/hotel/fr/spacieux-t3-aux-berges-du-rhone.fr.html?aid=304142&label=gen173nr-10CAQoggJCC3NlYXJjaF9seW9uSA1YBGhNiAEBmAEzuAEXyAEM2AED6AEB-AEBiAIBqAIBuAKBm-HQBsACAdICJDQxMzk0YTQ4LWU3ZTUtNDNlZi1iYzVmLWNlMTdlMjlkMTE2M9gCAeACAQ&ucfs=1&arphpl=1&group_adults=2&req_adults=2&no_rooms=1&group_children=0&req_children=0&hpos=4&hapos=29&sr_order=popularity&srpvid=5cb76400aa4f035a&srepoch=1779977605&from=searchresults,45.7578137,4.8320114
51,Lyon,Staycity Aparthotels Lyon Rue Garibaldi,9.5,"Ouvert depuis mars 2017, le Staycity Aparthotels Lyon Rue Garibaldi propose des hébergements à Lyon, à 5 minutes de marche de l’arrêt de tramway Garibaldi-Berthelot.",https://www.booking.com/hotel/fr/staycity-aparthotels-rue-garibaldi.fr.html?aid=304142&label=gen173nr-10CAQoggJCC3NlYXJjaF9seW9uSA1YBGhNiAEBmAEzuAEXyAEM2AED6AEB-AEBiAIBqAIBuAKBm-HQBsACAdICJDQxMzk0YTQ4LWU3ZTUtNDNlZi1iYzVmLWNlMTdlMjlkMTE2M9gCAeACAQ&ucfs=1&arphpl=1&group_adults=2&req_adults=2&no_rooms=1&group_children=0&req_children=0&hpos=8&hapos=33&sr_order=popularity&srpvid=5cb76400aa4f035a&srepoch=1779977605&from=searchresults,45.7578137,4.8320114
52,Gorges du Verdon,Maison 4 personnes,10.0,Hébergement géré par un particulier,https://www.booking.com/hotel/fr/maison-4-personnes-saint-julien.fr.html?aid=304142&label=gen173nr-10CAQoggJCF3NlYXJjaF9nb3JnZXMgZHUgdmVyZG9uSA1YBGhNiAEBmAEzuAEXyAEM2AED6AEB-AEBiAIBqAIBuAKgm-HQBsACAdICJDU3ODk3ZjZkLThkZTctNDJiZi04MDE2LWVlZDdlZDFmZjJkYtgCAeACAQ&ucfs=1&arphpl=1&group_adults=2&req_adults=2&no_rooms=1&group_children=0&req_children=0&hpos=16&hapos=66&sr_order=popularity&srpvid=8fa56410c2f500d8&srepoch=1779977639&from=searchresults,43.7496562,6.3285616
53,Gorges du Verdon,Entre Ciel et Verdon,9.8,"Situé à Castellane, l’hébergement Entre Ciel et Verdon met à votre disposition une connexion Wi-Fi gratuite et offre une vue sur la montagne.",https://www.booking.com/hotel/fr/entre-ciel-et-verdon-l-appart.fr.html?aid=304142&label=gen173nr-10CAQoggJCF3NlYXJjaF9nb3JnZXMgZHUgdmVyZG9uSA1YBGhNiAEBmAEzuAEXyAEM2AED6AEB-AEBiAIBqAIBuAKgm-HQBsACAdICJDU3ODk3ZjZkLThkZTctNDJiZi04MDE2LWVlZDdlZDFmZjJkYtgCAeACAQ&ucfs=1&arphpl=1&group_adults=2&req_adults=2&no_rooms=1&group_children=0&req_children=0&hpos=18&hapos=43&sr_order=popularity&srpvid=8fa56410c2f500d8&srepoch=1779977636&from=searchresults,43.7496562,6.3285616
54,Gorges du Verdon,Le Vieux Castel,9.8,Hébergement géré par un particulier,https://www.booking.com/hotel/fr/le-vieux-castel-roumoules2.fr.html?aid=304142&label=gen173nr-10CAQoggJCF3NlYXJjaF9nb3JnZXMgZHUgdmVyZG9uSA1YBGhNiAEBmAEzuAEXyAEM2AED6AEB-AEBiAIBqAIBuAKgm-HQBsACAdICJDU3ODk3ZjZkLThkZTctNDJiZi04MDE2LWVlZDdlZDFmZjJkYtgCAeACAQ&ucfs=1&arphpl=1&group_adults=2&req_adults=2&no_rooms=1&group_children=0&req_children=0&hpos=12&hapos=62&sr_order=popularity&srpvid=8fa56410c2f500d8&srepoch=1779977639&from=searchresults,43.7496562,6.3285616
55,Bormes les Mimosas,Les Bastides du Haut Para,10.0,Hébergement géré par un particulier,https://www.booking.com/hotel/fr/les-bastides-du-haut-para.fr.html?aid=304142&label=gen173nr-10CAQoggJCGXNlYXJjaF9ib3JtZXMgbGVzIG1pbW9zYXNIDVgEaE2IAQGYATO4ARfIAQzYAQPoAQH4AQGIAgGoAgG4Arab4dAGwAIB0gIkMzljNWExNzctYzZlMi00ZjljLTg1ZTktZjI1YjkzODA5MTFj2AIB4AIB&ucfs=1&arphpl=1&group_adults=2&req_adults=2&no_rooms=1&group_children=0&req_children=0&hpos=8&hapos=33&sr_order=popularity&srpvid=fbaa641b5b811b0f&srepoch=1779977658&from=searchresults,43.1506968,6.3419285
56,Bormes les Mimosas,T2 classé 3 étoiles dans résidence neuve avec piscine,10.0,Hébergement géré par un particulier,https://www.booking.com/hotel/fr/t2-classe-3-etoiles-dans-residence-neuve-avec-piscine.fr.html?aid=304142&label=gen173nr-10CAQoggJCGXNlYXJjaF9ib3JtZXMgbGVzIG1pbW9zYXNIDVgEaE2IAQGYATO4ARfIAQzYAQPoAQH4AQGIAgGoAgG4Arab4dAGwAIB0gIkMzljNWExNzctYzZlMi00ZjljLTg1ZTktZjI1YjkzODA5MTFj2AIB4AIB&ucfs=1&arphpl=1&group_adults=2&req_adults=2&no_rooms=1&group_children=0&req_children=0&hpos=9&hapos=59&sr_order=popularity&srpvid=fbaa641b5b811b0f&srepoch=1779977660&from=searchresults,43.1506968,6.3419285
57,Bormes les Mimosas,"Gaou Benat, village des fourches, Label patrimoine XXe siècle",9.8,Hébergement géré par un particulier,https://www.booking.com/hotel/fr/gaou-benat.fr.html?aid=304142&label=gen173nr-10CAQoggJCGXNlYXJjaF9ib3JtZXMgbGVzIG1pbW9zYXNIDVgEaE2IAQGYATO4ARfIAQzYAQPoAQH4AQGIAgGoAgG4Arab4dAGwAIB0gIkMzljNWExNzctYzZlMi00ZjljLTg1ZTktZjI1YjkzODA5MTFj2AIB4AIB&ucfs=1&arphpl=1&group_adults=2&req_adults=2&no_rooms=1&group_children=0&req_children=0&hpos=5&hapos=30&sr_order=popularity&srpvid=fbaa641b5b811b0f&srepoch=1779977658&from=searchresults,43.1506968,6.3419285
58,Cassis,La Martine,10.0,Hébergement géré par un particulier,https://www.booking.com/hotel/fr/bonnet-marina.fr.html?aid=304142&label=gen173nr-10CAQoggJCDXNlYXJjaF9jYXNzaXNIDVgEaE2IAQGYATO4ARfIAQzYAQPoAQH4AQGIAgGoAgG4Asyb4dAGwAIB0gIkNWU2ODhkNDctZjU5Ni00ZTBmLTk5NDEtNWRlMzgyMzUwNTVj2AIB4AIB&ucfs=1&arphpl=1&group_adults=2&req_adults=2&no_rooms=1&group_children=0&req_children=0&hpos=8&hapos=33&sr_order=popularity&srpvid=4bff6426fc4c030b&srepoch=1779977681&from=searchresults,43.2140359,5.5396318
59,Cassis,CASSIS LOVERS AND BABY Option Parking,10.0,Hébergement géré par un particulier,https://www.booking.com/hotel/fr/cassis-centre-neuf-72-m2-clim-et-place-privee.fr.html?aid=304142&label=gen173nr-10CAQoggJCDXNlYXJjaF9jYXNzaXNIDVgEaE2IAQGYATO4ARfIAQzYAQPoAQH4AQGIAgGoAgG4Asyb4dAGwAIB0gIkNWU2ODhkNDctZjU5Ni00ZTBmLTk5NDEtNWRlMzgyMzUwNTVj2AIB4AIB&ucfs=1&arphpl=1&group_adults=2&req_adults=2&no_rooms=1&group_children=0&req_children=0&hpos=19&hapos=69&sr_order=popularity&srpvid=4bff6426fc4c030b&srepoch=1779977683&from=searchresults,43.2140359,5.5396318
60,Cassis,LE SEPT charmant studio aux portes des calanques,9.9,Hébergement géré par un particulier,https://www.booking.com/hotel/fr/le-sept-charmant-studio-aux-portes-des-calanques.fr.html?aid=304142&label=gen173nr-10CAQoggJCDXNlYXJjaF9jYXNzaXNIDVgEaE2IAQGYATO4ARfIAQzYAQPoAQH4AQGIAgGoAgG4Asyb4dAGwAIB0gIkNWU2ODhkNDctZjU5Ni00ZTBmLTk5NDEtNWRlMzgyMzUwNTVj2AIB4AIB&ucfs=1&arphpl=1&group_adults=2&req_adults=2&no_rooms=1&group_children=0&req_children=0&hpos=15&hapos=15&sr_order=popularity&srpvid=4bff6426fc4c030b&srepoch=1779977683&from=searchresults,43.2140359,5.5396318
61,Marseille,studio idealement situé,10.0,Hébergement géré par un particulier,https://www.booking.com/hotel/fr/studio-idealement-situe-marseille.fr.html?aid=304142&label=gen173nr-10CAQoggJCEHNlYXJjaF9tYXJzZWlsbGVIDVgEaE2IAQGYATO4ARfIAQzYAQPoAQH4AQGIAgGoAgG4AuKb4dAGwAIB0gIkZmNlOTc5NTMtM2Y1MC00M2Y3LWExNDctODYyZWJjMzRiNjFj2AIB4AIB&ucfs=1&arphpl=1&group_adults=2&req_adults=2&no_rooms=1&group_children=0&req_children=0&hpos=9&hapos=59&sr_order=popularity&srpvid=e9826431b56b01fc&srepoch=1779977706&from=searchresults,43.2963986,5.3777888
62,Marseille,Maison Olea,9.6,"Proposant une terrasse et une connexion Wi-Fi gratuite, l’établissement Maison Olea se trouve dans le centre de Marseille, près de ces lieux d’intérêt : Métro Castellane, Rue Saint-Ferréol et Métro...",https://www.booking.com/hotel/fr/maison-olea-marseille.fr.html?aid=304142&label=gen173nr-10CAQoggJCEHNlYXJjaF9tYXJzZWlsbGVIDVgEaE2IAQGYATO4ARfIAQzYAQPoAQH4AQGIAgGoAgG4AuKb4dAGwAIB0gIkZmNlOTc5NTMtM2Y1MC00M2Y3LWExNDctODYyZWJjMzRiNjFj2AIB4AIB&ucfs=1&arphpl=1&group_adults=2&req_adults=2&no_rooms=1&group_children=0&req_children=0&hpos=17&hapos=17&sr_order=popularity&srpvid=e9826431b56b01fc&srepoch=1779977706&from=searchresults,43.2963986,5.3777888
63,Marseille,Appartement Moderne tout équipé.,9.6,"Proposant un jardin, une plage privée, une terrasse et un bar, l’hébergement Appartement Moderne tout équipé. Se trouve dans le quartier Bonneveine, à Marseille.",https://www.booking.com/hotel/fr/appartement-moderne-tout-equipe-marseille.fr.html?aid=304142&label=gen173nr-10CAQoggJCEHNlYXJjaF9tYXJzZWlsbGVIDVgEaE2IAQGYATO4ARfIAQzYAQPoAQH4AQGIAgGoAgG4AuKb4dAGwAIB0gIkZmNlOTc5NTMtM2Y1MC00M2Y3LWExNDctODYyZWJjMzRiNjFj2AIB4AIB&ucfs=1&arphpl=1&group_adults=2&req_adults=2&no_rooms=1&group_children=0&req_children=0&hpos=17&hapos=67&sr_order=popularity&srpvid=e9826431b56b01fc&srepoch=1779977706&from=searchresults,43.2963986,5.3777888
64,Aix en Provence,Studio terrasse,9.9,Hébergement géré par un particulier,https://www.booking.com/hotel/fr/studio-terrasse-aix-en-provence.fr.html?aid=304142&label=gen173nr-10CAQoggJCFnNlYXJjaF9haXggZW4gcHJvdmVuY2VIDVgEaE2IAQGYATO4ARfIAQzYAQPoAQH4AQGIAgGoAgG4Avmb4dAGwAIB0gIkNzExY2RjZjQtYjk4Zi00MWE0LWFhZTItZDcyZmUwNTU2OGY52AIB4AIB&ucfs=1&arphpl=1&group_adults=2&req_adults=2&no_rooms=1&group_children=0&req_children=0&hpos=11&hapos=11&sr_order=popularity&srpvid=507d643cda3707dc&srepoch=1779977727&from=searchresults,43.5298424,5.4474738
65,Aix en Provence,Aix Rooftop Appartement T2 Luxe 5 étoiles - hypercentre Rotonde - Terrasse - Vue - Parking,9.8,Hébergement géré par un particulier,https://www.booking.com/hotel/fr/aix-rooftop-t2-avec-vue-panoramique-parking-free.fr.html?aid=304142&label=gen173nr-10CAQoggJCFnNlYXJjaF9haXggZW4gcHJvdmVuY2VIDVgEaE2IAQGYATO4ARfIAQzYAQPoAQH4AQGIAgGoAgG4Avmb4dAGwAIB0gIkNzExY2RjZjQtYjk4Zi00MWE0LWFhZTItZDcyZmUwNTU2OGY52AIB4AIB&ucfs=1&arphpl=1&group_adults=2&req_adults=2&no_rooms=1&group_children=0&req_children=0&hpos=22&hapos=72&sr_order=popularity&srpvid=507d643cda3707dc&srepoch=1779977727&from=searchresults,43.5298424,5.4474738
66,Aix en Provence,La Parenthese Saint Donat,9.8,"L’établissement La Parenthese Saint Donat vous accueille à Aix-en-Provence, à 36 km de ce lieu d’intérêt : Gare de Marseille-Saint-Charles.",https://www.booking.com/hotel/fr/la-parenthese-saint-donat.fr.html?aid=304142&label=gen173nr-10CAQoggJCFnNlYXJjaF9haXggZW4gcHJvdmVuY2VIDVgEaE2IAQGYATO4ARfIAQzYAQPoAQH4AQGIAgGoAgG4Avmb4dAGwAIB0gIkNzExY2RjZjQtYjk4Zi00MWE0LWFhZTItZDcyZmUwNTU2OGY52AIB4AIB&ucfs=1&arphpl=1&group_adults=2&req_adults=2&no_rooms=1&group_children=0&req_children=0&hpos=12&hapos=37&sr_order=popularity&srpvid=507d643cda3707dc&srepoch=1779977725&from=searchresults,43.5298424,5.4474738
67,Avignon,Château Saint Perret,10.0,"L’établissement Château Saint Perret vous accueille à Avignon, à respectivement 3,7 km et 6 km de ces lieux d’intérêt : Parc des expositions d'Avignon et Gare d'Avignon-Centre.",https://www.booking.com/hotel/fr/chateau-saint-perret.fr.html?aid=304142&label=gen173nr-10CAQoggJCDnNlYXJjaF9hdmlnbm9uSA1YBGhNiAEBmAEzuAEXyAEM2AED6AEB-AEBiAIBqAIBuAKQnOHQBsACAdICJGQ5MmU5ZTZjLWJkNjItNDQ4MC05YTVlLWNjZDYwNjAzOTA2ZtgCAeACAQ&ucfs=1&arphpl=1&group_adults=2&req_adults=2&no_rooms=1&group_children=0&req_children=0&hpos=17&hapos=67&sr_order=popularity&srpvid=44c26448ed220161&srepoch=1779977751&from=searchresults,43.9492493,4.8059012
68,Avignon,Le Complot : Maison privée en plein coeur d'Avignon,9.8,"Proposant une terrasse, l’hébergement Le Complot : Maison privée en plein coeur d'Avignon est idéalement placé dans le centre de Avignon.",https://www.booking.com/hotel/fr/le-complot-maison-privee-en-plein-coeur-d-avignon.fr.html?aid=304142&label=gen173nr-10CAQoggJCDnNlYXJjaF9hdmlnbm9uSA1YBGhNiAEBmAEzuAEXyAEM2AED6AEB-AEBiAIBqAIBuAKQnOHQBsACAdICJGQ5MmU5ZTZjLWJkNjItNDQ4MC05YTVlLWNjZDYwNjAzOTA2ZtgCAeACAQ&ucfs=1&arphpl=1&group_adults=2&req_adults=2&no_rooms=1&group_children=0&req_children=0&hpos=24&hapos=24&sr_order=popularity&srpvid=44c26448ed220161&srepoch=1779977751&from=searchresults,43.9492493,4.8059012
69,Avignon,Apartment 40m2-Air conditioning-Elevator-Underground parking-Self checkin! Appart climatisé 40m2-Ascenseur-Parking souterrain -Arrivée autonome,9.8,L’hébergement Apartment 40m2-Air conditioning-Elevator-Underground parking-Self checkin!,https://www.booking.com/hotel/fr/appart-parking-arrivee-autonome.fr.html?aid=304142&label=gen173nr-10CAQoggJCDnNlYXJjaF9hdmlnbm9uSA1YBGhNiAEBmAEzuAEXyAEM2AED6AEB-AEBiAIBqAIBuAKQnOHQBsACAdICJGQ5MmU5ZTZjLWJkNjItNDQ4MC05YTVlLWNjZDYwNjAzOTA2ZtgCAeACAQ&ucfs=1&arphpl=1&group_adults=2&req_adults=2&no_rooms=1&group_children=0&req_children=0&hpos=20&hapos=20&sr_order=popularity&srpvid=44c26448ed220161&srepoch=1779977751&from=searchresults,43.9492493,4.8059012
70,Uzes,Secret d'Uzès - Place aux Herbes - Piscine chauffée et Jacuzzi,10.0,"L’établissement Secret d'Uzès - Place aux Herbes - Piscine chauffée et Jacuzzi se situe à Uzès, à respectivement 26 km et 46 km de ces lieux d’intérêt : Parc des expositions de Nîmes et Gare...",https://www.booking.com/hotel/fr/secret-d-uzes-place-aux-herbes-uzes.fr.html?aid=304142&label=gen173nr-10CAQoggJCC3NlYXJjaF91emVzSA1YBGhNiAEBmAEzuAEXyAEM2AED6AEB-AEBiAIBqAIBuAKnnOHQBsACAdICJDhiNzRjZTE5LWVkMTEtNGQyMC1iYmNkLTE1YWYzNGJlNzkyZNgCAeACAQ&ucfs=1&arphpl=1&group_adults=2&req_adults=2&no_rooms=1&group_children=0&req_children=0&hpos=18&hapos=18&sr_order=popularity&srpvid=2c976453200b0761&srepoch=1779977773&from=searchresults,44.0121279,4.4196718
71,Uzes,La DAME de FLAUX,9.9,"L’hébergement La DAME de FLAUX vous accueille à Uzès, à respectivement 28 km et 39 km de ces lieux d’intérêt : Parc des expositions de Nîmes et Gare d'Avignon-Centre.",https://www.booking.com/hotel/fr/la-dame-de-flaux.fr.html?aid=304142&label=gen173nr-10CAQoggJCC3NlYXJjaF91emVzSA1YBGhNiAEBmAEzuAEXyAEM2AED6AEB-AEBiAIBqAIBuAKnnOHQBsACAdICJDhiNzRjZTE5LWVkMTEtNGQyMC1iYmNkLTE1YWYzNGJlNzkyZNgCAeACAQ&ucfs=1&arphpl=1&group_adults=2&req_adults=2&no_rooms=1&group_children=0&req_children=0&hpos=16&hapos=16&sr_order=popularity&srpvid=2c976453200b0761&srepoch=1779977773&from=searchresults,44.0121279,4.4196718
72,Uzes,Secret d'Uzès - Le Duché - Piscine chauffée et Jacuzzi,9.8,"L’établissement Secret d'Uzès - Le Duché - Piscine chauffée et Jacuzzi comprend une piscine intérieure et un bain à remous, ainsi que des hébergements avec la climatisation et une connexion Wi-Fi...",https://www.booking.com/hotel/fr/secret-d-uzes-le-duche-uzes.fr.html?aid=304142&label=gen173nr-10CAQoggJCC3NlYXJjaF91emVzSA1YBGhNiAEBmAEzuAEXyAEM2AED6AEB-AEBiAIBqAIBuAKnnOHQBsACAdICJDhiNzRjZTE5LWVkMTEtNGQyMC1iYmNkLTE1YWYzNGJlNzkyZNgCAeACAQ&ucfs=1&arphpl=1&group_adults=2&req_adults=2&no_rooms=1&group_children=0&req_children=0&hpos=17&hapos=17&sr_order=popularity&srpvid=2c976453200b0761&srepoch=1779977773&from=searchresults,44.0121279,4.4196718
73,Nimes,La Finca,10.0,Hébergement géré par un particulier,https://www.booking.com/hotel/fr/la-finca-nimes.fr.html?aid=304142&label=gen173nr-10CAQoggJCDHNlYXJjaF9uaW1lc0gNWARoTYgBAZgBM7gBF8gBDNgBA-gBAfgBAYgCAagCAbgCvZzh0AbAAgHSAiQyYmFhYWZiYi0xMTUzLTQ1N2YtODA2Yy1kYmY0YmU3ZTBlZDnYAgHgAgE&ucfs=1&arphpl=1&group_adults=2&req_adults=2&no_rooms=1&group_children=0&req_children=0&hpos=23&hapos=48&sr_order=popularity&srpvid=15c5645ee5f604e3&srepoch=1779977793&from=searchresults,43.5784705,4.3278509
74,Nimes,Mas d'Escattes,9.8,"L’établissement Mas d'Escattes se trouve à Nîmes (Languedoc-Roussillon), à 8 km de ce lieu d’intérêt : Parc des expositions de Nîmes.",https://www.booking.com/hotel/fr/mas-d-39-escattes.fr.html?aid=304142&label=gen173nr-10CAQoggJCDHNlYXJjaF9uaW1lc0gNWARoTYgBAZgBM7gBF8gBDNgBA-gBAfgBAYgCAagCAbgCvZzh0AbAAgHSAiQyYmFhYWZiYi0xMTUzLTQ1N2YtODA2Yy1kYmY0YmU3ZTBlZDnYAgHgAgE&ucfs=1&arphpl=1&group_adults=2&req_adults=2&no_rooms=1&group_children=0&req_children=0&hpos=17&hapos=17&sr_order=popularity&srpvid=15c5645ee5f604e3&srepoch=1779977796&from=searchresults,43.8745007,4.4141825
75,Nimes,Rougetomette,9.8,"L’établissement Rougetomette se trouve à Nîmes, à respectivement 2,2 km et 32 km de ces lieux d’intérêt : Parc des expositions de Nîmes et Arènes d'Arles.",https://www.booking.com/hotel/fr/rougetomette-nimes123.fr.html?aid=304142&label=gen173nr-10CAQoggJCDHNlYXJjaF9uaW1lc0gNWARoTYgBAZgBM7gBF8gBDNgBA-gBAfgBAYgCAagCAbgCvZzh0AbAAgHSAiQyYmFhYWZiYi0xMTUzLTQ1N2YtODA2Yy1kYmY0YmU3ZTBlZDnYAgHgAgE&ucfs=1&arphpl=1&group_adults=2&req_adults=2&no_rooms=1&group_children=0&req_children=0&hpos=3&hapos=28&sr_order=popularity&srpvid=15c5645ee5f604e3&srepoch=1779977793&from=searchresults,43.8374249,4.3600687
76,Aigues Mortes,La Maison de Famille,10.0,Hébergement géré par un particulier,https://www.booking.com/hotel/fr/la-maison-de-famille-aigues-mortes.fr.html?aid=304142&label=gen173nr-10CAQoggJCFHNlYXJjaF9haWd1ZXMgbW9ydGVzSA1YBGhNiAEBmAEzuAEXyAEM2AED6AEB-AEBiAIBqAIBuALSnOHQBsACAdICJDM4NDdiYjBmLTgwMjktNDYyNS04OTgwLTI3YWI4MzM4MDJkZtgCAeACAQ&ucfs=1&arphpl=1&group_adults=2&req_adults=2&no_rooms=1&group_children=0&req_children=0&hpos=5&hapos=30&sr_order=popularity&srpvid=d34964697cac0261&srepoch=1779977814&from=searchresults,43.5661521,4.19154
77,Aigues Mortes,Marina l Appuntamento,10.0,Hébergement géré par un particulier,https://www.booking.com/hotel/fr/marina-l-appuntamento.fr.html?aid=304142&label=gen173nr-10CAQoggJCFHNlYXJjaF9haWd1ZXMgbW9ydGVzSA1YBGhNiAEBmAEzuAEXyAEM2AED6AEB-AEBiAIBqAIBuALSnOHQBsACAdICJDM4NDdiYjBmLTgwMjktNDYyNS04OTgwLTI3YWI4MzM4MDJkZtgCAeACAQ&ucfs=1&arphpl=1&group_adults=2&req_adults=2&no_rooms=1&group_children=0&req_children=0&hpos=21&hapos=46&sr_order=popularity&srpvid=d34964697cac0261&srepoch=1779977814&from=searchresults,43.5661521,4.19154
78,Aigues Mortes,Au Cœur des Remparts,10.0,Hébergement géré par un particulier,https://www.booking.com/hotel/fr/au-coeur-des-remparts-aigues-mortes.fr.html?aid=304142&label=gen173nr-10CAQoggJCFHNlYXJjaF9haWd1ZXMgbW9ydGVzSA1YBGhNiAEBmAEzuAEXyAEM2AED6AEB-AEBiAIBqAIBuALSnOHQBsACAdICJDM4NDdiYjBmLTgwMjktNDYyNS04OTgwLTI3YWI4MzM4MDJkZtgCAeACAQ&ucfs=1&arphpl=1&group_adults=2&req_adults=2&no_rooms=1&group_children=0&req_children=0&hpos=11&hapos=36&sr_order=popularity&srpvid=d34964697cac0261&srepoch=1779977814&from=searchresults,43.5661521,4.19154
79,Saintes Maries de la mer,Les Cabanes de Gardian - Saintes-Maries-de-la-Mer - Camargue- Arles,10.0,"L’hébergement Les Cabanes de Gardian - Saintes-Maries-de-la-Mer - Camargue- Arles vous accueille à Saintes-Maries-de-la-Mer, à 38 km de ce lieu d’intérêt : Arènes d'Arles.",https://www.booking.com/hotel/fr/les-cabanes-de-gardian-saintes-maries-de-la-mer-camargue-arles.fr.html?aid=304142&label=gen173nr-10CAQoggJCH3NlYXJjaF9zYWludGVzIG1hcmllcyBkZSBsYSBtZXJIDVgEaE2IAQGYATO4ARfIAQzYAQPoAQH4AQGIAgGoAgG4Auic4dAGwAIB0gIkZGVlYzkyMDYtZDk2Ny00ZWQxLWJmZTItZDEwY2VkNDhjM2U42AIB4AIB&ucfs=1&arphpl=1&group_adults=2&req_adults=2&no_rooms=1&group_children=0&req_children=0&hpos=4&hapos=54&sr_order=popularity&srpvid=ecee647443320e9b&srepoch=1779977838&from=searchresults,43.4515922,4.4277202
80,Saintes Maries de la mer,Casa Santa - charmante villa avec jardin,10.0,Hébergement géré par un particulier,https://www.booking.com/hotel/fr/casa-santa-charmante-villa-avec-jardin.fr.html?aid=304142&label=gen173nr-10CAQoggJCH3NlYXJjaF9zYWludGVzIG1hcmllcyBkZSBsYSBtZXJIDVgEaE2IAQGYATO4ARfIAQzYAQPoAQH4AQGIAgGoAgG4Auic4dAGwAIB0gIkZGVlYzkyMDYtZDk2Ny00ZWQxLWJmZTItZDEwY2VkNDhjM2U42AIB4AIB&ucfs=1&arphpl=1&group_adults=2&req_adults=2&no_rooms=1&group_children=0&req_children=0&hpos=14&hapos=39&sr_order=popularity&srpvid=ecee647443320e9b&srepoch=1779977836&from=searchresults,43.4515922,4.4277202
81,Saintes Maries de la mer,Les Ondines,10.0,Hébergement géré par un particulier,https://www.booking.com/hotel/fr/les-ondines-saintes-maries-de-la-mer.fr.html?aid=304142&label=gen173nr-10CAQoggJCH3NlYXJjaF9zYWludGVzIG1hcmllcyBkZSBsYSBtZXJIDVgEaE2IAQGYATO4ARfIAQzYAQPoAQH4AQGIAgGoAgG4Auic4dAGwAIB0gIkZGVlYzkyMDYtZDk2Ny00ZWQxLWJmZTItZDEwY2VkNDhjM2U42AIB4AIB&ucfs=1&arphpl=1&group_adults=2&req_adults=2&no_rooms=1&group_children=0&req_children=0&hpos=12&hapos=12&sr_order=popularity&srpvid=ecee647443320e9b&srepoch=1779977838&from=searchresults,43.4515922,4.4277202
82,Collioure,La Casa Machado 1,9.8,"L’hébergement La Casa Machado 1 se situe à Collioure, à respectivement 300 mètres et 300 mètres de ces lieux d’intérêt : Plage Boramar et Château Royal de Collioure.",https://www.booking.com/hotel/fr/la-casa-machado-1.fr.html?aid=304142&label=gen173nr-10CAQoggJCEHNlYXJjaF9jb2xsaW91cmVIDVgEaE2IAQGYATO4ARfIAQzYAQPoAQH4AQGIAgGoAgG4Av6c4dAGwAIB0gIkNzMxMjkwNjUtZjc4My00MDNjLThhODYtZjJmMWRlOTkyODM42AIB4AIB&ucfs=1&arphpl=1&group_adults=2&req_adults=2&no_rooms=1&group_children=0&req_children=0&hpos=25&hapos=25&sr_order=popularity&srpvid=7f18647f0b52055b&srepoch=1779977861&from=searchresults,42.52505,3.0831554
83,Collioure,location Coma Chéric et parking,9.7,Hébergement géré par un particulier,https://www.booking.com/hotel/fr/location-coma-cheric.fr.html?aid=304142&label=gen173nr-10CAQoggJCEHNlYXJjaF9jb2xsaW91cmVIDVgEaE2IAQGYATO4ARfIAQzYAQPoAQH4AQGIAgGoAgG4Av6c4dAGwAIB0gIkNzMxMjkwNjUtZjc4My00MDNjLThhODYtZjJmMWRlOTkyODM42AIB4AIB&ucfs=1&arphpl=1&group_adults=2&req_adults=2&no_rooms=1&group_children=0&req_children=0&hpos=3&hapos=3&sr_order=popularity&srpvid=7f18647f0b52055b&srepoch=1779977861&from=searchresults,42.52505,3.0831554
84,Collioure,Les mimosas,9.6,Hébergement géré par un particulier,https://www.booking.com/hotel/fr/les-mimosas-collioure.fr.html?aid=304142&label=gen173nr-10CAQoggJCEHNlYXJjaF9jb2xsaW91cmVIDVgEaE2IAQGYATO4ARfIAQzYAQPoAQH4AQGIAgGoAgG4Av6c4dAGwAIB0gIkNzMxMjkwNjUtZjc4My00MDNjLThhODYtZjJmMWRlOTkyODM42AIB4AIB&ucfs=1&arphpl=1&group_adults=2&req_adults=2&no_rooms=1&group_children=0&req_children=0&hpos=21&hapos=21&sr_order=popularity&srpvid=7f18647f0b52055b&srepoch=1779977861&from=searchresults,42.52505,3.0831554
85,Carcassonne,Situation exceptionnelle HARMONY III,9.9,Hébergement géré par un particulier,https://www.booking.com/hotel/fr/harmony-3.fr.html?aid=304142&label=gen173nr-10CAQoggJCEnNlYXJjaF9jYXJjYXNzb25uZUgNWARoTYgBAZgBM7gBF8gBDNgBA-gBAfgBAYgCAagCAbgClJ3h0AbAAgHSAiQ5ZWM1NDQ1ZS0zMjg4LTQzZjQtYjY5OS1kMDBkZGQ1ZDc5MTDYAgHgAgE&ucfs=1&arphpl=1&group_adults=2&req_adults=2&no_rooms=1&group_children=0&req_children=0&hpos=13&hapos=13&sr_order=popularity&srpvid=c91d648a12f60694&srepoch=1779977882&from=searchresults,43.2130358,2.3491069
86,Carcassonne,Le Belvédère St Gimer,9.8,"L’hébergement Le Belvédère St Gimer vous accueille à respectivement 50 km et 1,3 km de ces lieux d’intérêt : Termes Chateau et Cathédrale Saint-Michel de Carcassonne.",https://www.booking.com/hotel/fr/le-belvedere-st-gimer.fr.html?aid=304142&label=gen173nr-10CAQoggJCEnNlYXJjaF9jYXJjYXNzb25uZUgNWARoTYgBAZgBM7gBF8gBDNgBA-gBAfgBAYgCAagCAbgClJ3h0AbAAgHSAiQ5ZWM1NDQ1ZS0zMjg4LTQzZjQtYjY5OS1kMDBkZGQ1ZDc5MTDYAgHgAgE&ucfs=1&arphpl=1&group_adults=2&req_adults=2&no_rooms=1&group_children=0&req_children=0&hpos=19&hapos=44&sr_order=popularity&srpvid=c91d648a12f60694&srepoch=1779977881&from=searchresults,43.2130358,2.3491069
87,Carcassonne,L'Atelier de Robert,9.8,Hébergement géré par un particulier,https://www.booking.com/hotel/fr/l-39-atelier-de-robert-carcassonne.fr.html?aid=304142&label=gen173nr-10CAQoggJCEnNlYXJjaF9jYXJjYXNzb25uZUgNWARoTYgBAZgBM7gBF8gBDNgBA-gBAfgBAYgCAagCAbgClJ3h0AbAAgHSAiQ5ZWM1NDQ1ZS0zMjg4LTQzZjQtYjY5OS1kMDBkZGQ1ZDc5MTDYAgHgAgE&ucfs=1&arphpl=1&group_adults=2&req_adults=2&no_rooms=1&group_children=0&req_children=0&hpos=5&hapos=5&sr_order=popularity&srpvid=c91d648a12f60694&srepoch=1779977882&from=searchresults,43.2130358,2.3491069
88,Ariege,Chambre Bohème - parenthèse cosy à la campagne,10.0,Hébergement géré par un particulier,https://www.booking.com/hotel/fr/chambre-boheme-parenthese-cosy-a-la-campagne.fr.html?aid=304142&label=gen173nr-10CAQoggJCDXNlYXJjaF9hcmllZ2VIDVgEaE2IAQGYATO4ARfIAQzYAQPoAQH4AQGIAgGoAgG4Aq6d4dAGwAIB0gIkNjdmODUxMDctZTZkYy00OTE0LThmOGMtMTA2MTMwNGRhYjE12AIB4AIB&ucfs=1&arphpl=1&group_adults=2&req_adults=2&no_rooms=1&group_children=0&req_children=0&hpos=11&hapos=61&sr_order=popularity&srpvid=d4736497b0a305ac&srepoch=1779977908&from=searchresults,42.9455368,1.4065544
89,Ariege,Agréable studio en bord de rivière,9.7,Hébergement géré par un particulier,https://www.booking.com/hotel/fr/agreable-studio-en-bord-de-riviere.fr.html?aid=304142&label=gen173nr-10CAQoggJCDXNlYXJjaF9hcmllZ2VIDVgEaE2IAQGYATO4ARfIAQzYAQPoAQH4AQGIAgGoAgG4Aq6d4dAGwAIB0gIkNjdmODUxMDctZTZkYy00OTE0LThmOGMtMTA2MTMwNGRhYjE12AIB4AIB&ucfs=1&arphpl=1&group_adults=2&req_adults=2&no_rooms=1&group_children=0&req_children=0&hpos=19&hapos=44&sr_order=popularity&srpvid=d4736497b0a305ac&srepoch=1779977906&from=searchresults,42.9455368,1.4065544
90,Ariege,Bed In Bellongue,9.7,"Situé à Aucazein et offrant une vue sur la montagne, l’établissement Bed In Bellongue possède un jardin, un salon commun, une terrasse et un service de massage.",https://www.booking.com/hotel/fr/bed-in-bellongue.fr.html?aid=304142&label=gen173nr-10CAQoggJCDXNlYXJjaF9hcmllZ2VIDVgEaE2IAQGYATO4ARfIAQzYAQPoAQH4AQGIAgGoAgG4Aq6d4dAGwAIB0gIkNjdmODUxMDctZTZkYy00OTE0LThmOGMtMTA2MTMwNGRhYjE12AIB4AIB&ucfs=1&arphpl=1&group_adults=2&req_adults=2&no_rooms=1&group_children=0&req_children=0&hpos=25&hapos=50&sr_order=popularity&srpvid=d4736497b0a305ac&srepoch=1779977906&from=searchresults,42.9455368,1.4065544
91,Toulouse,"Le Pastel - Daurade, Capitole à 200m, Clim Aircon, WiFi, Netflix - rénové en 2026 - renovated in 2026",10.0,Hébergement géré par un particulier,https://www.booking.com/hotel/fr/le-pastel-daurade-capitole-air-conditioning-wifi-netflix.fr.html?aid=304142&label=gen173nr-10CAQoggJCD3NlYXJjaF90b3Vsb3VzZUgNWARoTYgBAZgBM7gBF8gBDNgBA-gBAfgBAYgCAagCAbgCxJ3h0AbAAgHSAiQ2MjlmZDMyNi0wOTMxLTQ4OGYtODJmNi04ZTE0N2NiMmRkNGXYAgHgAgE&ucfs=1&arphpl=1&group_adults=2&req_adults=2&no_rooms=1&group_children=0&req_children=0&hpos=20&hapos=45&sr_order=popularity&srpvid=e9e064a2afa20043&srepoch=1779977929&from=searchresults,43.6044638,1.4442433
92,Toulouse,LES JARDINS DE L'OLYMPE - Appartement lumineux de 137m2,10.0,"L’hébergement LES JARDINS DE L'OLYMPE - Appartement lumineux de 137m2 affiche 3 étoiles et bénéficie d’un emplacement de choix dans le centre de Toulouse, à seulement 200 mètres de ce lieu d’intérêt :...",https://www.booking.com/hotel/fr/les-jardins-de-l-olympe-appartement-lumineux-de-137m2.fr.html?aid=304142&label=gen173nr-10CAQoggJCD3NlYXJjaF90b3Vsb3VzZUgNWARoTYgBAZgBM7gBF8gBDNgBA-gBAfgBAYgCAagCAbgCxJ3h0AbAAgHSAiQ2MjlmZDMyNi0wOTMxLTQ4OGYtODJmNi04ZTE0N2NiMmRkNGXYAgHgAgE&ucfs=1&arphpl=1&group_adults=2&req_adults=2&no_rooms=1&group_children=0&req_children=0&hpos=12&hapos=62&sr_order=popularity&srpvid=e9e064a2afa20043&srepoch=1779977931&from=searchresults,43.6044638,1.4442433
93,Toulouse,T2 lumineux avec terrasse vue Zénith - parking inclus,9.7,Hébergement géré par un particulier,https://www.booking.com/hotel/fr/magnifique-t2-vue-zenith-cartoucherie-avec-parking.fr.html?aid=304142&label=gen173nr-10CAQoggJCD3NlYXJjaF90b3Vsb3VzZUgNWARoTYgBAZgBM7gBF8gBDNgBA-gBAfgBAYgCAagCAbgCxJ3h0AbAAgHSAiQ2MjlmZDMyNi0wOTMxLTQ4OGYtODJmNi04ZTE0N2NiMmRkNGXYAgHgAgE&ucfs=1&arphpl=1&group_adults=2&req_adults=2&no_rooms=1&group_children=0&req_children=0&hpos=17&hapos=67&sr_order=popularity&srpvid=e9e064a2afa20043&srepoch=1779977931&from=searchresults,43.6044638,1.4442433
94,Montauban,Chambre privé chez lhabitant,10.0,Hébergement géré par un particulier,https://www.booking.com/hotel/fr/chambre-privee-montauban.fr.html?aid=304142&label=gen173nr-10CAQoggJCEHNlYXJjaF9tb250YXViYW5IDVgEaE2IAQGYATO4ARfIAQzYAQPoAQH4AQGIAgGoAgG4Atqd4dAGwAIB0gIkNmVmMDE5NjYtNjJmYS00ZDU0LTkzOGQtYzMwM2VhNTI0Nzdl2AIB4AIB&ucfs=1&arphpl=1&group_adults=2&req_adults=2&no_rooms=1&group_children=0&req_children=0&hpos=18&hapos=43&sr_order=popularity&srpvid=679764addfbc044f&srepoch=1779977951&from=searchresults,44.0175835,1.3549991
95,Montauban,Maison 10 personnes Golf - Hippodrome,10.0,Hébergement géré par un particulier,https://www.booking.com/hotel/fr/maison-12-personnes-golf-hippodrome.fr.html?aid=304142&label=gen173nr-10CAQoggJCEHNlYXJjaF9tb250YXViYW5IDVgEaE2IAQGYATO4ARfIAQzYAQPoAQH4AQGIAgGoAgG4Atqd4dAGwAIB0gIkNmVmMDE5NjYtNjJmYS00ZDU0LTkzOGQtYzMwM2VhNTI0Nzdl2AIB4AIB&ucfs=1&arphpl=1&group_adults=2&req_adults=2&no_rooms=1&group_children=0&req_children=0&hpos=14&hapos=63&sr_order=popularity&srpvid=679764addfbc044f&srepoch=1779977953&from=searchresults,44.0175835,1.3549991
96,Montauban,SUITE 785 Chambre Jacuzzi Sauna,9.9,Hébergement géré par un particulier,https://www.booking.com/hotel/fr/suite-785-chambre-jacuzzi-cave-bar.fr.html?aid=304142&label=gen173nr-10CAQoggJCEHNlYXJjaF9tb250YXViYW5IDVgEaE2IAQGYATO4ARfIAQzYAQPoAQH4AQGIAgGoAgG4Atqd4dAGwAIB0gIkNmVmMDE5NjYtNjJmYS00ZDU0LTkzOGQtYzMwM2VhNTI0Nzdl2AIB4AIB&ucfs=1&arphpl=1&group_adults=2&req_adults=2&no_rooms=1&group_children=0&req_children=0&hpos=9&hapos=58&sr_order=popularity&srpvid=679764addfbc044f&srepoch=1779977953&from=searchresults,44.0175835,1.3549991
97,Biarritz,Maison Basque,10.0,Hébergement géré par un particulier,https://www.booking.com/hotel/fr/maison-basque-biarritz.fr.html?aid=304142&label=gen173nr-10CAQoggJCD3NlYXJjaF9iaWFycml0ekgNWARoTYgBAZgBM7gBF8gBDNgBA-gBAfgBAYgCAagCAbgC8J3h0AbAAgHSAiRkMzAwMzRlNi01NWNlLTRkM2EtYmZhZS1kYmNmZTZiNmQxMTTYAgHgAgE&ucfs=1&arphpl=1&group_adults=2&req_adults=2&no_rooms=1&group_children=0&req_children=0&hpos=7&hapos=32&sr_order=popularity&srpvid=9f5f64b887ec0436&srepoch=1779977972&from=searchresults,43.4832523,-1.5592776
98,Biarritz,CALYPSO beautiful city house in quiet area close to center,10.0,Hébergement géré par un particulier,https://www.booking.com/hotel/fr/calypso-beautiful-city-house-in-quiet-area-close-to-center.fr.html?aid=304142&label=gen173nr-10CAQoggJCD3NlYXJjaF9iaWFycml0ekgNWARoTYgBAZgBM7gBF8gBDNgBA-gBAfgBAYgCAagCAbgC8J3h0AbAAgHSAiRkMzAwMzRlNi01NWNlLTRkM2EtYmZhZS1kYmNmZTZiNmQxMTTYAgHgAgE&ucfs=1&arphpl=1&group_adults=2&req_adults=2&no_rooms=1&group_children=0&req_children=0&hpos=24&hapos=74&sr_order=popularity&srpvid=9f5f64b887ec0436&srepoch=1779977974&from=searchresults,43.4832523,-1.5592776
99,Biarritz,Villa Julie,9.7,Hébergement géré par un particulier,https://www.booking.com/hotel/fr/villa-julie-biarritz.fr.html?aid=304142&label=gen173nr-10CAQoggJCD3NlYXJjaF9iaWFycml0ekgNWARoTYgBAZgBM7gBF8gBDNgBA-gBAfgBAYgCAagCAbgC8J3h0AbAAgHSAiRkMzAwMzRlNi01NWNlLTRkM2EtYmZhZS1kYmNmZTZiNmQxMTTYAgHgAgE&ucfs=1&arphpl=1&group_adults=2&req_adults=2&no_rooms=1&group_children=0&req_children=0&hpos=9&hapos=34&sr_order=popularity&srpvid=9f5f64b887ec0436&srepoch=1779977972&from=searchresults,43.4832523,-1.5592776
100,Bayonne,La Chevalerie - T4 dans le centre historique,10.0,Hébergement géré par un particulier,https://www.booking.com/hotel/fr/la-chevalerie-t3-dans-le-centre-historique.fr.html?aid=304142&label=gen173nr-10CAQoggJCDnNlYXJjaF9iYXlvbm5lSA1YBGhNiAEBmAEzuAEXyAEM2AED6AEB-AEBiAIBqAIBuAKInuHQBsACAdICJDgzNmFmNWU4LWY3YTEtNDY2Ny1iZGRlLWU4YzlkZGU1ZjE1NNgCAeACAQ&ucfs=1&arphpl=1&group_adults=2&req_adults=2&no_rooms=1&group_children=0&req_children=0&hpos=9&hapos=34&sr_order=popularity&srpvid=2c9764c4d45a0cca&srepoch=1779977996&from=searchresults,43.4945144,-1.4736657
101,Bayonne,grand appartement dans l'hypercentre,10.0,Hébergement géré par un particulier,https://www.booking.com/hotel/fr/grand-appartement-dans-l-hypercentre.fr.html?aid=304142&label=gen173nr-10CAQoggJCDnNlYXJjaF9iYXlvbm5lSA1YBGhNiAEBmAEzuAEXyAEM2AED6AEB-AEBiAIBqAIBuAKInuHQBsACAdICJDgzNmFmNWU4LWY3YTEtNDY2Ny1iZGRlLWU4YzlkZGU1ZjE1NNgCAeACAQ&ucfs=1&arphpl=1&group_adults=2&req_adults=2&no_rooms=1&group_children=0&req_children=0&hpos=6&hapos=56&sr_order=popularity&srpvid=2c9764c4d45a0cca&srepoch=1779977998&from=searchresults,43.4945144,-1.4736657
102,Bayonne,Baiona Sainte Cath 3-HIRU cœur de Saint Esprit,9.8,"L’hébergement Baiona Sainte Cath 3-HIRU cœur de Saint Esprit vous accueille à Bayonne, à respectivement 25 km, 25 km et 39 km de ces lieux d’intérêt : Église Saint-Jean-Baptiste, Gare de...",https://www.booking.com/hotel/fr/baiona-sainte-cath-3-hiru-coeur-de-saint-esprit.fr.html?aid=304142&label=gen173nr-10CAQoggJCDnNlYXJjaF9iYXlvbm5lSA1YBGhNiAEBmAEzuAEXyAEM2AED6AEB-AEBiAIBqAIBuAKInuHQBsACAdICJDgzNmFmNWU4LWY3YTEtNDY2Ny1iZGRlLWU4YzlkZGU1ZjE1NNgCAeACAQ&ucfs=1&arphpl=1&group_adults=2&req_adults=2&no_rooms=1&group_children=0&req_children=0&hpos=22&hapos=72&sr_order=popularity&srpvid=2c9764c4d45a0cca&srepoch=1779977998&from=searchresults,43.4945144,-1.4736657
103,La Rochelle,"Maison rénovée 2022, Patio et garage Centre LR !",10.0,Hébergement géré par un particulier,https://www.booking.com/hotel/fr/maison-renovee-2022-patio-et-garage-centre-lr.fr.html?aid=304142&label=gen173nr-10CAQoggJCEnNlYXJjaF9sYSByb2NoZWxsZUgNWARoTYgBAZgBM7gBF8gBDNgBA-gBAfgBAYgCAagCAbgCn57h0AbAAgHSAiQ4MWM5OTVmZS0wZmYwLTRjNDAtOGZlMy1iZjY0YzA3MjgzNTXYAgHgAgE&ucfs=1&arphpl=1&group_adults=2&req_adults=2&no_rooms=1&group_children=0&req_children=0&hpos=16&hapos=41&sr_order=popularity&srpvid=a79564cfb54301c7&srepoch=1779978020&from=searchresults,46.159732,-1.1515951
104,La Rochelle,"Le Coligny, Appt 100m mer et parking",10.0,Hébergement géré par un particulier,https://www.booking.com/hotel/fr/appartement-a-1mn-a-pieds-de-la-mer.fr.html?aid=304142&label=gen173nr-10CAQoggJCEnNlYXJjaF9sYSByb2NoZWxsZUgNWARoTYgBAZgBM7gBF8gBDNgBA-gBAfgBAYgCAagCAbgCn57h0AbAAgHSAiQ4MWM5OTVmZS0wZmYwLTRjNDAtOGZlMy1iZjY0YzA3MjgzNTXYAgHgAgE&ucfs=1&arphpl=1&group_adults=2&req_adults=2&no_rooms=1&group_children=0&req_children=0&hpos=3&hapos=53&sr_order=popularity&srpvid=a79564cfb54301c7&srepoch=1779978022&from=searchresults,46.159732,-1.1515951
105,La Rochelle,Appt 2 pièces LA ROCHELLE - LR010-215,10.0,"L’hébergement Appt 2 pièces LA ROCHELLE - LR010-215 vous accueille à La Rochelle, à respectivement 1,8 km, 2,3 km et 1,3 km de ces lieux d’intérêt : Gare de La Rochelle-Ville, Parc des expositions de...",https://www.booking.com/hotel/fr/appt-2-pieces-la-rochelle-lr010-215.fr.html?aid=304142&label=gen173nr-10CAQoggJCEnNlYXJjaF9sYSByb2NoZWxsZUgNWARoTYgBAZgBM7gBF8gBDNgBA-gBAfgBAYgCAagCAbgCn57h0AbAAgHSAiQ4MWM5OTVmZS0wZmYwLTRjNDAtOGZlMy1iZjY0YzA3MjgzNTXYAgHgAgE&ucfs=1&arphpl=1&group_adults=2&req_adults=2&no_rooms=1&group_children=0&req_children=0&hpos=1&hapos=51&sr_order=popularity&srpvid=a79564cfb54301c7&srepoch=1779978022&from=searchresults,46.159732,-1.1515951
